Accuracy,F1 Score,Log Loss,Precision,Recall
0.6703601108033241,0.0,11.88142590943197,0.0,0.0
