Accuracy,F1 Score,Log Loss,Precision,Recall
0.5102292334237121,0.6369450027407272,17.65312775059792,0.4929298642533937,0.8998451213216314
